{
  "758384372444430346": [
    {
      "reason": "hey buddy check trasuremcdev bro",
      "date": "2024-07-21T08:05:22.144Z"
    }
  ],
  "813554001811079208": [
    {
      "reason": "yr not gay",
      "date": "2024-07-30T05:36:15.844Z"
    }
  ],
  "1015558144715391076": [
    {
      "reason": "nig-",
      "date": "2024-08-07T16:13:33.615Z"
    },
    {
      "reason": "nig-",
      "date": "2024-08-07T16:14:15.118Z"
    },
    {
      "reason": "HELLLOOOOOOOOWWWWWWWWWWWW",
      "date": "2024-08-08T06:34:24.461Z"
    }
  ],
  "1174631775193010276": [
    {
      "reason": "NIGGY",
      "date": "2024-08-08T06:35:25.629Z"
    },
    {
      "reason": "ok",
      "date": "2024-08-12T14:42:03.892Z"
    }
  ],
  "1189606854486147157": [
    {
      "reason": "hello bro",
      "date": "2024-08-08T10:31:16.115Z"
    }
  ],
  "948220644552765440": [
    {
      "reason": "come here bro",
      "date": "2024-08-12T14:41:53.477Z"
    }
  ],
  "818849124203102219": [
    {
      "reason": "hello nigga 💀",
      "date": "2024-08-12T14:42:36.530Z"
    }
  ],
  "903984442396250203": [
    {
      "reason": "niga",
      "date": "2024-08-14T14:56:12.965Z"
    }
  ],
  "690990260255195168": [
    {
      "reason": "gn bro uwu",
      "date": "2024-08-14T15:21:55.291Z"
    }
  ],
  "792204016359571557": [
    {
      "reason": "gay",
      "date": "2024-08-27T06:23:22.364Z"
    }
  ]
}