{"1266060730713772042":{"autoModEnabled":true,"antiSpamEnabled":true},"1157424961858846780":{"autoModEnabled":true,"antiSpamEnabled":false},"1268424317742612541":{"autoModEnabled":false,"antiSpamEnabled":false},"967716005835075644":{"autoModEnabled":true,"antiSpamEnabled":true},"1247240450524315758":{"autoModEnabled":true,"antiSpamEnabled":true},"1223694296310616125":{"autoModEnabled":true,"antiSpamEnabled":true},"1239774074360823909":{"autoModEnabled":true,"antiSpamEnabled":true},"1207601442941173790":{"autoModEnabled":true,"antiSpamEnabled":true},"1204401974515212288":{"autoModEnabled":true,"antiSpamEnabled":true},"1119695347120345200":{"autoModEnabled":true,"antiSpamEnabled":true},"1260534392124735498":{"autoModEnabled":true,"antiSpamEnabled":true},"1163841124406931496":{"autoModEnabled":true,"antiSpamEnabled":true}}